{
  "accuracy": 1.0,
  "classification_report": {
    "0": {
      "precision": 1.0,
      "recall": 1.0,
      "f1-score": 1.0,
      "support": 150.0
    },
    "1": {
      "precision": 1.0,
      "recall": 1.0,
      "f1-score": 1.0,
      "support": 158.0
    },
    "accuracy": 1.0,
    "macro avg": {
      "precision": 1.0,
      "recall": 1.0,
      "f1-score": 1.0,
      "support": 308.0
    },
    "weighted avg": {
      "precision": 1.0,
      "recall": 1.0,
      "f1-score": 1.0,
      "support": 308.0
    }
  },
  "confusion_matrix": [
    [
      150,
      0
    ],
    [
      0,
      158
    ]
  ],
  "feature_importance": [
    0.08931302856085871,
    0.03605681314146417,
    0.1342013121766532,
    0.07425339868409114,
    0.07892955881827148,
    0.008873720141532853,
    0.01961871211448977,
    0.12047306938037394,
    0.05959221930542648,
    0.1161512602695811,
    0.04873836505724686,
    0.11675514572786522,
    0.09704339662214527
  ],
  "feature_names": [
    "age",
    "sex",
    "cp",
    "trestbps",
    "chol",
    "fbs",
    "restecg",
    "thalach",
    "exang",
    "oldpeak",
    "slope",
    "ca",
    "thal"
  ]
}